time,price,wind,solar,news_score,headline
22:07,201.18,4.7,0,0,Některým českým domácnostem se dražší energie vyhýbají. Hormuz to může změnit - Seznam Zprávy
00:27,144.2,4.8,0,0,Některým českým domácnostem se dražší energie vyhýbají. Hormuz to může změnit - Seznam Zprávy
05:01,144.2,4.8,0,0,Některým českým domácnostem se dražší energie vyhýbají. Hormuz to může změnit - seznamzpravy.cz
09:52,144.2,4.5,0,0,Elektřina a plyn zdražují. Ceny u nových fixací zvyšují další dva velcí dodavatelé - E15.cz
14:30,144.2,8.4,0,0,Elektřina a plyn zdražují. Ceny u nových fixací zvyšují další dva velcí dodavatelé - E15.cz
18:34,144.2,2.4,0,0,Elektřina a plyn zdražují. Ceny u nových fixací zvyšují další dva velcí dodavatelé - E15.cz
21:44,144.2,4.5,0,0,Elektřina a plyn zdražují. Ceny u nových fixací zvyšují další dva velcí dodavatelé - E15.cz
00:00,144.2,7.3,0,0,Elektřina a plyn zdražují. Ceny u nových fixací zvyšují další dva velcí dodavatelé - E15.cz
04:32,181.14,9.1,0,0,Elektřina a plyn zdražují. Ceny u nových fixací zvyšují další dva velcí dodavatelé - E15.cz
09:28,181.14,7.5,0,0,"Drahé energie drtí český průmysl. Ztratíme až polovinu náročné výroby, varují experti - Ekonomický deník"
14:20,181.14,10.2,0,0,E.ON a Pražská plynárenská zdražily nové fixace elektřiny a plynu - Hospodářské noviny
18:28,181.14,8.9,0,0,Léto končí a žádný blackout se pořád ještě neudál. Že by soláry málo solárovaly? - Hospodářské noviny
21:42,181.14,5.4,0,0,Léto končí a žádný blackout se pořád ještě neudál. Že by soláry málo solárovaly? - Hospodářské noviny
00:01,181.14,4.9,0,0,Léto končí a žádný blackout se pořád ještě neudál. Že by soláry málo solárovaly? - Hospodářské noviny
04:44,171.29,5.3,0,0,Léto končí a žádný blackout se pořád ještě neudál. Že by soláry málo solárovaly? - Hospodářské noviny
09:49,171.29,8.0,0,0,ETS 2: Co domácnosti čeká a co mohou udělat už dnes - Obnovitelně
14:47,171.29,6.2,0,0,"Podpora pro elektrárny, které mají nahradit uhlí, se o rok posouvá. Podmínky státu byly až příliš přísné - Hospodářské noviny"
18:56,171.29,2.9,0,0,Méně uhlí rovná se více proudu. Změnám neunikne nikdo - Seznam Zprávy
22:00,171.29,3.3,0,0,Méně uhlí rovná se více proudu. Změnám neunikne nikdo - Seznam Zprávy
00:30,177.8,5.0,0,0,"Podpora pro elektrárny, které mají nahradit uhlí, se o rok posouvá. Podmínky státu byly až příliš přísné - Hospodářské noviny"
05:22,177.8,4.6,0,0,"Podpora pro elektrárny, které mají nahradit uhlí, se o rok posouvá. Podmínky státu byly až příliš přísné - Hospodářské noviny"
09:59,177.8,4.1,0,0,Méně uhlí rovná se více proudu. Změnám neunikne nikdo - seznamzpravy.cz
14:18,177.8,3.9,0,0,Energeticky náročný průmysl může přijít až o polovinu výroby. EGU varuje před neúnosnými náklady v porovnání s USA a Čínou - Průmyslová ekologie
17:48,177.8,5.2,0,0,Energeticky náročný průmysl může přijít až o polovinu výroby. EGU varuje před neúnosnými náklady v porovnání s USA a Čínou - Průmyslová ekologie
20:11,177.8,2.3,0,0,Energeticky náročný průmysl může přijít až o polovinu výroby. EGU varuje před neúnosnými náklady v porovnání s USA a Čínou - prumyslovaekologie.cz
22:51,177.8,1.5,0,0,Energeticky náročný průmysl může přijít až o polovinu výroby. EGU varuje před neúnosnými náklady v porovnání s USA a Čínou - Průmyslová ekologie
00:58,143.72,1.1,0,0,Energeticky náročný průmysl může přijít až o polovinu výroby. EGU varuje před neúnosnými náklady v porovnání s USA a Čínou - prumyslovaekologie.cz
06:26,143.72,0.5,0,0,Energeticky náročný průmysl může přijít až o polovinu výroby. EGU varuje před neúnosnými náklady v porovnání s USA a Čínou - Průmyslová ekologie
12:19,143.72,7.6,0,0,Klid na trhu
17:04,143.72,7.9,0,0,Klid na trhu
20:05,143.72,4.9,0,0,Klid na trhu
22:59,143.72,2.6,0,0,Klid na trhu
01:30,161.14,1.6,0,0,Klid na trhu
07:31,161.14,0.8,0,0,Obavy Čechů z drahých energií sílí: zdražení čeká už 60 procent lidí - oEnergetice.cz
15:50,161.14,7.8,0,0,Obavy Čechů z drahých energií sílí: zdražení čeká už 60 procent lidí - oEnergetice.cz
21:24,161.14,2.0,0,0,Obavy Čechů z drahých energií sílí: zdražení čeká už 60 procent lidí - oEnergetice.cz
01:07,119.12,2.8,0,0,Obavy Čechů z drahých energií sílí: zdražení čeká už 60 procent lidí - oEnergetice.cz
06:51,119.12,3.3,0,0,"Podpora pro elektrárny, které mají nahradit uhlí, se o rok posouvá. Podmínky státu byly až příliš přísné - Hospodářské noviny"
13:26,119.12,14.7,0,0,"Podpora pro elektrárny, které mají nahradit uhlí, se o rok posouvá. Podmínky státu byly až příliš přísné - Hospodářské noviny"
18:47,119.12,6.0,0,0,"Podpora pro elektrárny, které mají nahradit uhlí, se o rok posouvá. Podmínky státu byly až příliš přísné - Hospodářské noviny"
22:41,119.12,4.7,0,0,"Podpora pro elektrárny, které mají nahradit uhlí, se o rok posouvá. Podmínky státu byly až příliš přísné - archiv.hn.cz"
01:36,156.4,6.0,0,0,"Podpora pro elektrárny, které mají nahradit uhlí, se o rok posouvá. Podmínky státu byly až příliš přísné - Hospodářské noviny"
07:24,156.4,5.4,0,0,"Podpora pro elektrárny, které mají nahradit uhlí, se o rok posouvá. Podmínky státu byly až příliš přísné - Hospodářské noviny"
14:00,156.4,12.7,0,0,"Zima prodraží energie tisícům domácností. Přehled dodavatelů, kteří už potvrdili zvýšení cen - energozrouti.cz"
19:05,156.4,3.4,0,0,"Zima prodraží energie tisícům domácností. Přehled dodavatelů, kteří už potvrdili zvýšení cen - EnergoZrouti.cz"
22:58,156.4,3.3,0,0,"Zima prodraží energie tisícům domácností. Přehled dodavatelů, kteří už potvrdili zvýšení cen - EnergoZrouti.cz"
01:55,171.38,2.9,0,0,"Zima prodraží energie tisícům domácností. Přehled dodavatelů, kteří už potvrdili zvýšení cen - EnergoZrouti.cz"
08:18,171.38,4.1,0,0,Chybu v německé prognóze zachraňoval olej. Elektřina stála 7000 € i v ČR - Médium.cz
15:31,171.38,6.5,0,0,"Investice do energetiky musejí dávat smysl, shodli se účastníci konference Leading Minds Forum - E15.cz"
20:27,171.38,2.9,0,0,"Investice do energetiky musejí dávat smysl, shodli se účastníci konference Leading Minds Forum - E15.cz"
